DVB - Sports,"246,791",2019-12-07 22:19
DVB - Sports,"90,187",2019-12-07 23:14
DVB - Sports,"82,569",2019-12-07 23:23
DVB - Sports,"60,386",2019-12-07 23:33
스트리머 사또,"4,433",2019-12-07 22:20
스트리머 사또,"5,667",2019-12-07 23:14
스트리머 사또,"6,924",2019-12-07 23:22
스트리머 사또,"6,703",2019-12-07 23:32
맛있는 녀석들 (Tasty Guys),"4,626",2019-12-07 22:20
맛있는 녀석들 (Tasty Guys),"4,846",2019-12-07 23:13
맛있는 녀석들 (Tasty Guys),"4,974",2019-12-07 23:21
맛있는 녀석들 (Tasty Guys),"4,971",2019-12-07 23:32
YTN NEWS,"2,539",2019-12-07 22:20
YTN NEWS,"2,408",2019-12-07 23:16
YTN NEWS,"2,437",2019-12-07 23:24
YTN NEWS,"16,345",2019-12-07 23:35
김성룡 바둑랩,"4,798",2019-12-07 22:21
김성룡 바둑랩,"16,910",2019-12-07 23:16
똘끼100%,"8,842",2019-12-07 23:13
똘끼100%,"9,012",2019-12-07 23:20
똘끼100%,"8,291",2019-12-07 23:30
[공식] 새날,"5,266",2019-12-07 23:13
[공식] 새날,"5,984",2019-12-07 23:21
[공식] 새날,"6,272",2019-12-07 23:31
KBS News,"5,232",2019-12-07 23:14
KBS News,"5,157",2019-12-07 23:21
KBS News,"5,256",2019-12-07 23:31
대도서관TV (buzzbean11),"2,999",2019-12-07 23:15
대도서관TV (buzzbean11),"3,321",2019-12-07 23:22
대도서관TV (buzzbean11),"4,032",2019-12-07 23:32