5753,11:02
10351,11:29
10462,11:56
12192,12:23
8695,12:51
2676,11:02
3738,11:30
3221,11:57
7471,12:24
6099,12:51
7916,13:18
4895,13:36
3322,11:02
3056,11:30
2980,11:57
3339,12:26
3196,12:53
3250,13:21
2925,13:38
8290,11:03
8082,11:31
7883,12:02
7638,12:26
7592,12:52
7397,13:21
7342,13:38
3811,11:03
4050,11:29
4293,11:57
4416,12:24
4289,12:52
4580,13:18
4553,13:36
1473,11:30
2573,11:58
3628,12:25
4588,12:54
4473,12:25
4841,12:51
4336,13:19
27119,13:36
1095,12:25
1351,12:53
905,13:22
762,13:40
1717,13:20
1894,13:37
5113,18:25
4957,18:56
4948,19:26
5061,19:57
5207,20:26
5503,20:55
4596,18:26
7843,18:55
8029,19:27
4656,18:26
8057,18:58
6828,19:30
2453,21:02
4656,18:27
8057,18:59
4958,19:27
3691,20:30
2740,20:59
7946,18:27
8050,18:58
8020,19:28
8085,19:57
7987,20:27
7855,20:58
2370,18:56
5290,19:26
6482,19:56
6751,20:26
5955,20:57
10771,18:57
92948,20:57
3501,18:57
2620,19:31
2830,19:58
2348,20:31
2381,20:58
12105,19:25
17547,19:56
246791,22:19
90187,23:14
82569,23:23
60386,23:33
4433,22:20
5667,23:14
6924,23:22
6703,23:32
4626,22:20
4846,23:13
4974,23:21
4971,23:32
2539,22:20
2408,23:16
2437,23:24
16345,23:35
4798,22:21
16910,23:16
8842,23:13
9012,23:20
8291,23:30
5266,23:13
5984,23:21
6272,23:31
5232,23:14
5157,23:21
5256,23:31
2999,23:15
3321,23:22
4032,23:32